default,balance
No,-5.001
No,-4.99802
No,-4.99504
No,-4.99206
No,-4.98908
No,-4.9861
No,-4.98312
No,-4.98014
No,-4.97716
No,-4.97418
No,-4.9712
No,-4.96822
No,-4.96524
No,-4.96226
No,-4.95928
No,-4.9563
No,-4.95332
No,-4.95034
No,-4.94736
No,-4.94438
No,-4.9414
No,-4.93842
No,-4.93544
No,-4.93246
No,-4.92948
No,-4.9265
No,-4.92352
No,-4.92054
No,-4.91756
No,-4.91458
No,-4.9116
No,-4.90862
No,-4.90564
No,-4.90266
No,-4.89968
No,-4.8967
No,-4.89372
No,-4.89074
No,-4.88776
No,-4.88478
No,-4.8818
No,-4.87882
No,-4.87584
No,-4.87286
No,-4.86988
No,-4.8669
No,-4.86392
No,-4.86094
No,-4.85796
No,-4.85498
No,-4.852
No,-4.84902
No,-4.84604
No,-4.84306
No,-4.84008
No,-4.8371
No,-4.83412
No,-4.83114
No,-4.82816
No,-4.82518
No,-4.8222
No,-4.81922
No,-4.81624
No,-4.81326
No,-4.81028
No,-4.8073
No,-4.80432
No,-4.80134
No,-4.79836
No,-4.79538
No,-4.7924
No,-4.78942
No,-4.78644
No,-4.78346
No,-4.78048
No,-4.7775
No,-4.77452
No,-4.77154
No,-4.76856
No,-4.76558
No,-4.7626
No,-4.75962
No,-4.75664
No,-4.75366
No,-4.75068
No,-4.7477
No,-4.74472
No,-4.74174
No,-4.73876
No,-4.73578
No,-4.7328
No,-4.72982
No,-4.72684
No,-4.72386
No,-4.72088
No,-4.7179
No,-4.71492
No,-4.71194
No,-4.70896
No,-4.70598
No,-4.703
No,-4.70002
No,-4.69704
No,-4.69406
No,-4.69108
No,-4.6881
No,-4.68512
No,-4.68214
No,-4.67916
No,-4.67618
No,-4.6732
No,-4.67022
No,-4.66724
No,-4.66426
No,-4.66128
No,-4.6583
No,-4.65532
No,-4.65234
No,-4.64936
No,-4.64638
No,-4.6434
No,-4.64042
No,-4.63744
No,-4.63446
No,-4.63148
No,-4.6285
No,-4.62552
No,-4.62254
No,-4.61956
No,-4.61658
No,-4.6136
No,-4.61062
No,-4.60764
No,-4.60466
No,-4.60168
No,-4.5987
No,-4.59572
No,-4.59274
No,-4.58976
No,-4.58678
No,-4.5838
No,-4.58082
No,-4.57784
No,-4.57486
No,-4.57188
No,-4.5689
No,-4.56592
No,-4.56294
No,-4.55996
No,-4.55698
No,-4.554
No,-4.55102
No,-4.54804
No,-4.54506
No,-4.54208
No,-4.5391
No,-4.53612
No,-4.53314
No,-4.53016
No,-4.52718
No,-4.5242
No,-4.52122
No,-4.51824
No,-4.51526
No,-4.51228
No,-4.5093
No,-4.50632
No,-4.50334
No,-4.50036
No,-4.49738
No,-4.4944
No,-4.49142
No,-4.48844
No,-4.48546
No,-4.48248
No,-4.4795
No,-4.47652
No,-4.47354
No,-4.47056
No,-4.46758
No,-4.4646
No,-4.46162
No,-4.45864
No,-4.45566
No,-4.45268
No,-4.4497
No,-4.44672
No,-4.44374
No,-4.44076
No,-4.43778
No,-4.4348
No,-4.43182
No,-4.42884
No,-4.42586
No,-4.42288
No,-4.4199
No,-4.41692
No,-4.41394
No,-4.41096
No,-4.40798
No,-4.405
No,-4.40202
No,-4.39904
No,-4.39606
No,-4.39308
No,-4.3901
No,-4.38712
No,-4.38414
No,-4.38116
No,-4.37818
No,-4.3752
No,-4.37222
No,-4.36924
No,-4.36626
No,-4.36328
No,-4.3603
No,-4.35732
No,-4.35434
No,-4.35136
No,-4.34838
No,-4.3454
No,-4.34242
No,-4.33944
No,-4.33646
No,-4.33348
No,-4.3305
No,-4.32752
No,-4.32454
No,-4.32156
No,-4.31858
No,-4.3156
No,-4.31262
No,-4.30964
No,-4.30666
No,-4.30368
No,-4.3007
No,-4.29772
No,-4.29474
No,-4.29176
No,-4.28878
No,-4.2858
No,-4.28282
No,-4.27984
No,-4.27686
No,-4.27388
No,-4.2709
No,-4.26792
No,-4.26494
No,-4.26196
No,-4.25898
No,-4.256
No,-4.25302
No,-4.25004
No,-4.24706
No,-4.24408
No,-4.2411
No,-4.23812
No,-4.23514
No,-4.23216
No,-4.22918
No,-4.2262
No,-4.22322
No,-4.22024
No,-4.21726
No,-4.21428
No,-4.2113
No,-4.20832
No,-4.20534
No,-4.20236
No,-4.19938
No,-4.1964
No,-4.19342
No,-4.19044
No,-4.18746
No,-4.18448
No,-4.1815
No,-4.17852
No,-4.17554
No,-4.17256
No,-4.16958
No,-4.1666
No,-4.16362
No,-4.16064
No,-4.15766
No,-4.15468
No,-4.1517
No,-4.14872
No,-4.14574
No,-4.14276
No,-4.13978
No,-4.1368
No,-4.13382
No,-4.13084
No,-4.12786
No,-4.12488
No,-4.1219
No,-4.11892
No,-4.11594
No,-4.11296
No,-4.10998
No,-4.107
No,-4.10402
No,-4.10104
No,-4.09806
No,-4.09508
No,-4.0921
No,-4.08912
No,-4.08614
No,-4.08316
No,-4.08018
No,-4.0772
No,-4.07422
No,-4.07124
No,-4.06826
No,-4.06528
No,-4.0623
No,-4.05932
No,-4.05634
No,-4.05336
No,-4.05038
No,-4.0474
No,-4.04442
No,-4.04144
No,-4.03846
No,-4.03548
No,-4.0325
No,-4.02952
No,-4.02654
No,-4.02356
No,-4.02058
No,-4.0176
No,-4.01462
No,-4.01164
No,-4.00866
No,-4.00568
No,-4.0027
No,-3.99972
No,-3.99674
No,-3.99376
No,-3.99078
No,-3.9878
No,-3.98482
No,-3.98184
No,-3.97886
No,-3.97588
No,-3.9729
No,-3.96992
No,-3.96694
No,-3.96396
No,-3.96098
No,-3.958
No,-3.95502
No,-3.95204
No,-3.94906
No,-3.94608
No,-3.9431
No,-3.94012
No,-3.93714
No,-3.93416
No,-3.93118
No,-3.9282
No,-3.92522
No,-3.92224
No,-3.91926
No,-3.91628
No,-3.9133
No,-3.91032
No,-3.90734
No,-3.90436
No,-3.90138
No,-3.8984
No,-3.89542
No,-3.89244
No,-3.88946
No,-3.88648
No,-3.8835
No,-3.88052
No,-3.87754
No,-3.87456
No,-3.87158
No,-3.8686
No,-3.86562
No,-3.86264
No,-3.85966
No,-3.85668
No,-3.8537
No,-3.85072
No,-3.84774
No,-3.84476
No,-3.84178
No,-3.8388
No,-3.83582
No,-3.83284
No,-3.82986
No,-3.82688
No,-3.8239
No,-3.82092
No,-3.81794
No,-3.81496
No,-3.81198
No,-3.809
No,-3.80602
No,-3.80304
No,-3.80006
No,-3.79708
No,-3.7941
No,-3.79112
No,-3.78814
No,-3.78516
No,-3.78218
No,-3.7792
No,-3.77622
No,-3.77324
No,-3.77026
No,-3.76728
No,-3.7643
No,-3.76132
No,-3.75834
No,-3.75536
No,-3.75238
No,-3.7494
No,-3.74642
No,-3.74344
No,-3.74046
No,-3.73748
No,-3.7345
No,-3.73152
No,-3.72854
No,-3.72556
No,-3.72258
No,-3.7196
No,-3.71662
No,-3.71364
No,-3.71066
No,-3.70768
No,-3.7047
No,-3.70172
No,-3.69874
No,-3.69576
No,-3.69278
No,-3.6898
No,-3.68682
No,-3.68384
No,-3.68086
No,-3.67788
No,-3.6749
No,-3.67192
No,-3.66894
No,-3.66596
No,-3.66298
No,-3.66
No,-3.65702
No,-3.65404
No,-3.65106
No,-3.64808
No,-3.6451
No,-3.64212
No,-3.63914
No,-3.63616
No,-3.63318
No,-3.6302
No,-3.62722
No,-3.62424
No,-3.62126
No,-3.61828
No,-3.6153
No,-3.61232
No,-3.60934
No,-3.60636
No,-3.60338
No,-3.6004
No,-3.59742
No,-3.59444
No,-3.59146
No,-3.58848
No,-3.5855
No,-3.58252
No,-3.57954
No,-3.57656
No,-3.57358
No,-3.5706
No,-3.56762
No,-3.56464
No,-3.56166
No,-3.55868
No,-3.5557
No,-3.55272
No,-3.54974
No,-3.54676
No,-3.54378
No,-3.5408
No,-3.53782
No,-3.53484
No,-3.53186
No,-3.52888
No,-3.5259
No,-3.52292
No,-3.51994
No,-3.51696
No,-3.51398
No,-3.511
No,-3.50802
No,-3.50504
No,-3.50206
No,-3.49908
No,-3.4961
No,-3.49312
No,-3.49014
No,-3.48716
No,-3.48418
No,-3.4812
No,-3.47822
No,-3.47524
No,-3.47226
No,-3.46928
No,-3.4663
No,-3.46332
No,-3.46034
No,-3.45736
No,-3.45438
No,-3.4514
No,-3.44842
No,-3.44544
No,-3.44246
No,-3.43948
No,-3.4365
No,-3.43352
No,-3.43054
No,-3.42756
No,-3.42458
No,-3.4216
No,-3.41862
No,-3.41564
No,-3.41266
No,-3.40968
No,-3.4067
No,-3.40372
No,-3.40074
No,-3.39776
No,-3.39478
No,-3.3918
No,-3.38882
No,-3.38584
No,-3.38286
No,-3.37988
No,-3.3769
No,-3.37392
No,-3.37094
No,-3.36796
No,-3.36498
No,-3.362
No,-3.35902
No,-3.35604
No,-3.35306
No,-3.35008
No,-3.3471
No,-3.34412
No,-3.34114
No,-3.33816
No,-3.33518
No,-3.3322
No,-3.32922
No,-3.32624
No,-3.32326
No,-3.32028
No,-3.3173
No,-3.31432
No,-3.31134
No,-3.30836
No,-3.30538
No,-3.3024
No,-3.29942
No,-3.29644
No,-3.29346
No,-3.29048
No,-3.2875
No,-3.28452
No,-3.28154
No,-3.27856
No,-3.27558
No,-3.2726
No,-3.26962
No,-3.26664
No,-3.26366
No,-3.26068
No,-3.2577
No,-3.25472
No,-3.25174
No,-3.24876
No,-3.24578
No,-3.2428
No,-3.23982
No,-3.23684
No,-3.23386
No,-3.23088
No,-3.2279
No,-3.22492
No,-3.22194
No,-3.21896
No,-3.21598
No,-3.213
No,-3.21002
No,-3.20704
No,-3.20406
No,-3.20108
No,-3.1981
No,-3.19512
No,-3.19214
No,-3.18916
No,-3.18618
No,-3.1832
No,-3.18022
No,-3.17724
No,-3.17426
No,-3.17128
No,-3.1683
No,-3.16532
No,-3.16234
No,-3.15936
No,-3.15638
No,-3.1534
No,-3.15042
No,-3.14744
No,-3.14446
No,-3.14148
No,-3.1385
No,-3.13552
No,-3.13254
No,-3.12956
No,-3.12658
No,-3.1236
No,-3.12062
No,-3.11764
No,-3.11466
No,-3.11168
No,-3.1087
No,-3.10572
No,-3.10274
No,-3.09976
No,-3.09678
No,-3.0938
No,-3.09082
No,-3.08784
No,-3.08486
No,-3.08188
No,-3.0789
No,-3.07592
No,-3.07294
No,-3.06996
No,-3.06698
No,-3.064
No,-3.06102
No,-3.05804
No,-3.05506
No,-3.05208
No,-3.0491
No,-3.04612
No,-3.04314
No,-3.04016
No,-3.03718
No,-3.0342
No,-3.03122
No,-3.02824
No,-3.02526
No,-3.02228
No,-3.0193
No,-3.01632
No,-3.01334
No,-3.01036
No,-3.00738
No,-3.0044
No,-3.00142
No,-2.99844
No,-2.99546
No,-2.99248
No,-2.9895
No,-2.98652
No,-2.98354
No,-2.98056
No,-2.97758
No,-2.9746
No,-2.97162
No,-2.96864
No,-2.96566
No,-2.96268
No,-2.9597
No,-2.95672
No,-2.95374
No,-2.95076
No,-2.94778
No,-2.9448
No,-2.94182
No,-2.93884
No,-2.93586
No,-2.93288
No,-2.9299
No,-2.92692
No,-2.92394
No,-2.92096
No,-2.91798
No,-2.915
No,-2.91202
No,-2.90904
No,-2.90606
No,-2.90308
No,-2.9001
No,-2.89712
No,-2.89414
No,-2.89116
No,-2.88818
No,-2.8852
No,-2.88222
No,-2.87924
No,-2.87626
No,-2.87328
No,-2.8703
No,-2.86732
No,-2.86434
No,-2.86136
No,-2.85838
No,-2.8554
No,-2.85242
No,-2.84944
No,-2.84646
No,-2.84348
No,-2.8405
No,-2.83752
No,-2.83454
No,-2.83156
No,-2.82858
No,-2.8256
No,-2.82262
No,-2.81964
No,-2.81666
No,-2.81368
No,-2.8107
No,-2.80772
No,-2.80474
No,-2.80176
No,-2.79878
No,-2.7958
No,-2.79282
No,-2.78984
No,-2.78686
No,-2.78388
No,-2.7809
No,-2.77792
No,-2.77494
No,-2.77196
No,-2.76898
No,-2.766
No,-2.76302
No,-2.76004
No,-2.75706
No,-2.75408
No,-2.7511
No,-2.74812
No,-2.74514
No,-2.74216
No,-2.73918
No,-2.7362
No,-2.73322
No,-2.73024
No,-2.72726
No,-2.72428
No,-2.7213
No,-2.71832
No,-2.71534
No,-2.71236
No,-2.70938
No,-2.7064
No,-2.70342
No,-2.70044
No,-2.69746
No,-2.69448
No,-2.6915
No,-2.68852
No,-2.68554
No,-2.68256
No,-2.67958
No,-2.6766
No,-2.67362
No,-2.67064
No,-2.66766
No,-2.66468
No,-2.6617
No,-2.65872
No,-2.65574
No,-2.65276
No,-2.64978
No,-2.6468
No,-2.64382
No,-2.64084
No,-2.63786
No,-2.63488
No,-2.6319
No,-2.62892
No,-2.62594
No,-2.62296
No,-2.61998
No,-2.617
No,-2.61402
No,-2.61104
No,-2.60806
No,-2.60508
No,-2.6021
No,-2.59912
No,-2.59614
No,-2.59316
No,-2.59018
No,-2.5872
No,-2.58422
No,-2.58124
No,-2.57826
No,-2.57528
No,-2.5723
No,-2.56932
No,-2.56634
No,-2.56336
No,-2.56038
No,-2.5574
No,-2.55442
No,-2.55144
No,-2.54846
No,-2.54548
No,-2.5425
No,-2.53952
No,-2.53654
No,-2.53356
No,-2.53058
No,-2.5276
No,-2.52462
No,-2.52164
No,-2.51866
No,-2.51568
No,-2.5127
No,-2.50972
No,-2.50674
No,-2.50376
No,-2.50078
No,-2.4978
No,-2.49482
No,-2.49184
No,-2.48886
No,-2.48588
No,-2.4829
No,-2.47992
No,-2.47694
No,-2.47396
No,-2.47098
No,-2.468
No,-2.46502
No,-2.46204
No,-2.45906
No,-2.45608
No,-2.4531
No,-2.45012
No,-2.44714
No,-2.44416
No,-2.44118
No,-2.4382
No,-2.43522
No,-2.43224
No,-2.42926
No,-2.42628
No,-2.4233
No,-2.42032
No,-2.41734
No,-2.41436
No,-2.41138
No,-2.4084
No,-2.40542
No,-2.40244
No,-2.39946
No,-2.39648
No,-2.3935
No,-2.39052
No,-2.38754
No,-2.38456
No,-2.38158
No,-2.3786
No,-2.37562
No,-2.37264
No,-2.36966
No,-2.36668
No,-2.3637
No,-2.36072
No,-2.35774
No,-2.35476
No,-2.35178
No,-2.3488
No,-2.34582
No,-2.34284
No,-2.33986
No,-2.33688
No,-2.3339
No,-2.33092
No,-2.32794
No,-2.32496
No,-2.32198
No,-2.319
No,-2.31602
No,-2.31304
No,-2.31006
No,-2.30708
No,-2.3041
No,-2.30112
No,-2.29814
No,-2.29516
No,-2.29218
No,-2.2892
No,-2.28622
No,-2.28324
No,-2.28026
No,-2.27728
No,-2.2743
No,-2.27132
No,-2.26834
No,-2.26536
No,-2.26238
No,-2.2594
No,-2.25642
No,-2.25344
No,-2.25046
No,-2.24748
No,-2.2445
No,-2.24152
No,-2.23854
No,-2.23556
No,-2.23258
No,-2.2296
No,-2.22662
No,-2.22364
No,-2.22066
No,-2.21768
No,-2.2147
No,-2.21172
No,-2.20874
No,-2.20576
No,-2.20278
No,-2.1998
No,-2.19682
No,-2.19384
No,-2.19086
No,-2.18788
No,-2.1849
No,-2.18192
No,-2.17894
No,-2.17596
No,-2.17298
No,-2.17
No,-2.16702
No,-2.16404
No,-2.16106
No,-2.15808
No,-2.1551
No,-2.15212
No,-2.14914
No,-2.14616
No,-2.14318
No,-2.1402
No,-2.13722
No,-2.13424
No,-2.13126
No,-2.12828
No,-2.1253
No,-2.12232
No,-2.11934
No,-2.11636
No,-2.11338
No,-2.1104
No,-2.10742
No,-2.10444
No,-2.10146
No,-2.09848
No,-2.0955
No,-2.09252
No,-2.08954
No,-2.08656
No,-2.08358
No,-2.0806
No,-2.07762
No,-2.07464
No,-2.07166
No,-2.06868
No,-2.0657
No,-2.06272
No,-2.05974
No,-2.05676
No,-2.05378
No,-2.0508
No,-2.04782
No,-2.04484
No,-2.04186
No,-2.03888
No,-2.0359
No,-2.03292
No,-2.02994
No,-2.02696
No,-2.02398
No,-2.021
No,-2.01802
No,-2.01504
No,-2.01206
No,-2.00908
No,-2.0061
No,-2.00312
No,-2.00014
No,-1.99716
No,-1.99418
No,-1.9912
No,-1.98822
No,-1.98524
No,-1.98226
No,-1.97928
No,-1.9763
No,-1.97332
No,-1.97034
No,-1.96736
No,-1.96438
No,-1.9614
No,-1.95842
No,-1.95544
No,-1.95246
No,-1.94948
No,-1.9465
No,-1.94352
No,-1.94054
No,-1.93756
No,-1.93458
No,-1.9316
No,-1.92862
No,-1.92564
No,-1.92266
No,-1.91968
No,-1.9167
No,-1.91372
No,-1.91074
No,-1.90776
No,-1.90478
No,-1.9018
No,-1.89882
No,-1.89584
No,-1.89286
No,-1.88988
No,-1.8869
No,-1.88392
No,-1.88094
No,-1.87796
No,-1.87498
No,-1.872
No,-1.86902
No,-1.86604
No,-1.86306
No,-1.86008
No,-1.8571
No,-1.85412
No,-1.85114
No,-1.84816
No,-1.84518
No,-1.8422
No,-1.83922
No,-1.83624
No,-1.83326
No,-1.83028
No,-1.8273
No,-1.82432
No,-1.82134
No,-1.81836
No,-1.81538
No,-1.8124
No,-1.80942
No,-1.80644
No,-1.80346
No,-1.80048
No,-1.7975
No,-1.79452
No,-1.79154
No,-1.78856
No,-1.78558
No,-1.7826
No,-1.77962
No,-1.77664
No,-1.77366
No,-1.77068
No,-1.7677
No,-1.76472
No,-1.76174
No,-1.75876
No,-1.75578
No,-1.7528
No,-1.74982
No,-1.74684
No,-1.74386
No,-1.74088
No,-1.7379
No,-1.73492
No,-1.73194
No,-1.72896
No,-1.72598
No,-1.723
No,-1.72002
No,-1.71704
No,-1.71406
No,-1.71108
No,-1.7081
No,-1.70512
No,-1.70214
No,-1.69916
No,-1.69618
No,-1.6932
No,-1.69022
No,-1.68724
No,-1.68426
No,-1.68128
No,-1.6783
No,-1.67532
No,-1.67234
No,-1.66936
No,-1.66638
No,-1.6634
No,-1.66042
No,-1.65744
No,-1.65446
No,-1.65148
No,-1.6485
No,-1.64552
No,-1.64254
No,-1.63956
No,-1.63658
No,-1.6336
No,-1.63062
No,-1.62764
No,-1.62466
No,-1.62168
No,-1.6187
No,-1.61572
No,-1.61274
No,-1.60976
No,-1.60678
No,-1.6038
No,-1.60082
No,-1.59784
No,-1.59486
No,-1.59188
No,-1.5889
No,-1.58592
No,-1.58294
No,-1.57996
No,-1.57698
No,-1.574
No,-1.57102
No,-1.56804
No,-1.56506
No,-1.56208
No,-1.5591
No,-1.55612
No,-1.55314
No,-1.55016
No,-1.54718
No,-1.5442
No,-1.54122
No,-1.53824
No,-1.53526
No,-1.53228
No,-1.5293
No,-1.52632
No,-1.52334
No,-1.52036
No,-1.51738
No,-1.5144
No,-1.51142
No,-1.50844
No,-1.50546
No,-1.50248
No,-1.4995
No,-1.49652
No,-1.49354
No,-1.49056
No,-1.48758
No,-1.4846
No,-1.48162
No,-1.47864
No,-1.47566
No,-1.47268
No,-1.4697
No,-1.46672
No,-1.46374
No,-1.46076
No,-1.45778
No,-1.4548
No,-1.45182
No,-1.44884
No,-1.44586
No,-1.44288
No,-1.4399
No,-1.43692
No,-1.43394
No,-1.43096
No,-1.42798
No,-1.425
No,-1.42202
No,-1.41904
No,-1.41606
No,-1.41308
No,-1.4101
No,-1.40712
No,-1.40414
No,-1.40116
No,-1.39818
No,-1.3952
No,-1.39222
No,-1.38924
No,-1.38626
No,-1.38328
No,-1.3803
No,-1.37732
No,-1.37434
No,-1.37136
No,-1.36838
No,-1.3654
No,-1.36242
No,-1.35944
No,-1.35646
No,-1.35348
No,-1.3505
No,-1.34752
No,-1.34454
No,-1.34156
No,-1.33858
No,-1.3356
No,-1.33262
No,-1.32964
No,-1.32666
No,-1.32368
No,-1.3207
No,-1.31772
No,-1.31474
No,-1.31176
No,-1.30878
No,-1.3058
No,-1.30282
No,-1.29984
No,-1.29686
No,-1.29388
No,-1.2909
No,-1.28792
No,-1.28494
No,-1.28196
No,-1.27898
No,-1.276
No,-1.27302
No,-1.27004
No,-1.26706
No,-1.26408
No,-1.2611
No,-1.25812
No,-1.25514
No,-1.25216
No,-1.24918
No,-1.2462
No,-1.24322
No,-1.24024
No,-1.23726
No,-1.23428
No,-1.2313
No,-1.22832
No,-1.22534
No,-1.22236
No,-1.21938
No,-1.2164
No,-1.21342
No,-1.21044
No,-1.20746
No,-1.20448
No,-1.2015
No,-1.19852
No,-1.19554
No,-1.19256
No,-1.18958
No,-1.1866
No,-1.18362
No,-1.18064
No,-1.17766
No,-1.17468
No,-1.1717
No,-1.16872
No,-1.16574
No,-1.16276
No,-1.15978
No,-1.1568
No,-1.15382
No,-1.15084
No,-1.14786
No,-1.14488
No,-1.1419
No,-1.13892
No,-1.13594
No,-1.13296
No,-1.12998
No,-1.127
No,-1.12402
No,-1.12104
No,-1.11806
No,-1.11508
No,-1.1121
No,-1.10912
No,-1.10614
No,-1.10316
No,-1.10018
No,-1.0972
No,-1.09422
No,-1.09124
No,-1.08826
No,-1.08528
No,-1.0823
No,-1.07932
No,-1.07634
No,-1.07336
No,-1.07038
No,-1.0674
No,-1.06442
No,-1.06144
No,-1.05846
No,-1.05548
No,-1.0525
No,-1.04952
No,-1.04654
No,-1.04356
No,-1.04058
No,-1.0376
No,-1.03462
No,-1.03164
No,-1.02866
No,-1.02568
No,-1.0227
No,-1.01972
No,-1.01674
No,-1.01376
No,-1.01078
No,-1.0078
No,-1.00482
No,-1.00184
No,-0.99886
No,-0.99588
No,-0.9929
No,-0.98992
No,-0.98694
No,-0.98396
No,-0.98098
No,-0.978
No,-0.97502
No,-0.97204
No,-0.96906
No,-0.96608
No,-0.9631
No,-0.96012
No,-0.95714
No,-0.95416
No,-0.95118
No,-0.9482
No,-0.94522
No,-0.94224
No,-0.93926
No,-0.93628
No,-0.9333
No,-0.93032
No,-0.92734
No,-0.92436
No,-0.92138
No,-0.9184
No,-0.91542
No,-0.91244
No,-0.90946
No,-0.90648
No,-0.9035
No,-0.90052
No,-0.89754
No,-0.89456
No,-0.89158
No,-0.8886
No,-0.88562
No,-0.88264
No,-0.87966
No,-0.87668
No,-0.8737
No,-0.87072
No,-0.86774
No,-0.86476
No,-0.86178
No,-0.8588
No,-0.85582
No,-0.85284
No,-0.84986
No,-0.84688
No,-0.8439
No,-0.84092
No,-0.83794
No,-0.83496
No,-0.83198
No,-0.829
No,-0.82602
No,-0.82304
No,-0.82006
No,-0.81708
No,-0.8141
No,-0.81112
No,-0.80814
No,-0.80516
No,-0.80218
No,-0.7992
No,-0.79622
No,-0.79324
No,-0.79026
No,-0.78728
No,-0.7843
No,-0.78132
No,-0.77834
No,-0.77536
No,-0.77238
No,-0.7694
No,-0.76642
No,-0.76344
No,-0.76046
No,-0.75748
No,-0.7545
No,-0.75152
No,-0.74854
No,-0.74556
No,-0.74258
No,-0.7396
No,-0.73662
No,-0.73364
No,-0.73066
No,-0.72768
No,-0.7247
No,-0.72172
No,-0.71874
No,-0.71576
No,-0.71278
No,-0.7098
No,-0.70682
No,-0.70384
No,-0.70086
No,-0.69788
No,-0.6949
No,-0.69192
No,-0.68894
No,-0.68596
No,-0.68298
No,-0.68
No,-0.67702
No,-0.67404
No,-0.67106
No,-0.66808
No,-0.6651
No,-0.66212
No,-0.65914
No,-0.65616
No,-0.65318
No,-0.6502
No,-0.64722
No,-0.64424
No,-0.64126
No,-0.63828
No,-0.6353
No,-0.63232
No,-0.62934
No,-0.62636
No,-0.62338
No,-0.6204
No,-0.61742
No,-0.61444
No,-0.61146
No,-0.60848
No,-0.6055
No,-0.60252
No,-0.59954
No,-0.59656
No,-0.59358
No,-0.5906
No,-0.58762
No,-0.58464
No,-0.58166
No,-0.57868
No,-0.5757
No,-0.57272
No,-0.56974
No,-0.56676
No,-0.56378
No,-0.5608
No,-0.55782
No,-0.55484
No,-0.55186
No,-0.54888
No,-0.5459
No,-0.54292
No,-0.53994
No,-0.53696
No,-0.53398
No,-0.531
No,-0.52802
No,-0.52504
No,-0.52206
No,-0.51908
No,-0.5161
No,-0.51312
No,-0.51014
No,-0.50716
No,-0.50418
No,-0.5012
No,-0.49822
No,-0.49524
No,-0.49226
No,-0.48928
No,-0.4863
No,-0.48332
No,-0.48034
No,-0.47736
No,-0.47438
No,-0.4714
No,-0.46842
No,-0.46544
No,-0.46246
No,-0.45948
No,-0.4565
No,-0.45352
No,-0.45054
No,-0.44756
No,-0.44458
No,-0.4416
No,-0.43862
No,-0.43564
No,-0.43266
No,-0.42968
No,-0.4267
No,-0.42372
No,-0.42074
No,-0.41776
No,-0.41478
No,-0.4118
No,-0.40882
No,-0.40584
No,-0.40286
No,-0.39988
No,-0.3969
No,-0.39392
No,-0.39094
No,-0.38796
No,-0.38498
No,-0.382
No,-0.37902
No,-0.37604
No,-0.37306
No,-0.37008
No,-0.3671
No,-0.36412
No,-0.36114
No,-0.35816
No,-0.35518
No,-0.3522
No,-0.34922
No,-0.34624
No,-0.34326
No,-0.34028
No,-0.3373
No,-0.33432
No,-0.33134
No,-0.32836
No,-0.32538
No,-0.3224
No,-0.31942
No,-0.31644
No,-0.31346
No,-0.31048
No,-0.3075
No,-0.30452
No,-0.30154
No,-0.29856
No,-0.29558
No,-0.2926
No,-0.28962
No,-0.28664
No,-0.28366
No,-0.28068
No,-0.2777
No,-0.27472
No,-0.27174
No,-0.26876
No,-0.26578
No,-0.2628
No,-0.25982
No,-0.25684
No,-0.25386
No,-0.25088
No,-0.2479
No,-0.24492
No,-0.24194
No,-0.23896
No,-0.23598
No,-0.233
No,-0.23002
No,-0.22704
No,-0.22406
No,-0.22108
No,-0.2181
No,-0.21512
No,-0.21214
No,-0.20916
No,-0.20618
No,-0.2032
No,-0.20022
No,-0.19724
No,-0.19426
No,-0.19128
No,-0.1883
No,-0.18532
No,-0.18234
No,-0.17936
No,-0.17638
No,-0.1734
No,-0.17042
No,-0.16744
No,-0.16446
No,-0.16148
No,-0.1585
No,-0.15552
No,-0.15254
No,-0.14956
No,-0.14658
No,-0.1436
No,-0.14062
No,-0.13764
No,-0.13466
No,-0.13168
No,-0.1287
No,-0.12572
No,-0.12274
No,-0.11976
No,-0.11678
No,-0.1138
No,-0.11082
No,-0.10784
No,-0.10486
No,-0.10188
No,-0.0989
No,-0.09592
No,-0.09294
No,-0.08996
No,-0.08698
No,-0.084
No,-0.08102
No,-0.07804
No,-0.07506
No,-0.07208
No,-0.0691
No,-0.06612
No,-0.06314
No,-0.06016
No,-0.05718
No,-0.0542
No,-0.05122
No,-0.04824
No,-0.04526
No,-0.04228
No,-0.0393
No,-0.03632
No,-0.03334
No,-0.03036
No,-0.02738
No,-0.0244
No,-0.02142
No,-0.01844
No,-0.01546
No,-0.01248
No,-0.0095
No,-0.00652
No,-0.00354
No,-0.00056
Yes,0.00242
Yes,0.0054
Yes,0.00838
Yes,0.01136
Yes,0.01434
Yes,0.01732
Yes,0.0203
Yes,0.02328
Yes,0.02626
Yes,0.02924
Yes,0.03222
Yes,0.0352
Yes,0.03818
Yes,0.04116
Yes,0.04414
Yes,0.04712
Yes,0.0501
Yes,0.05308
Yes,0.05606
Yes,0.05904
Yes,0.06202
Yes,0.065
Yes,0.06798
Yes,0.07096
Yes,0.07394
Yes,0.07692
Yes,0.0799
Yes,0.08288
Yes,0.08586
Yes,0.08884
Yes,0.09182
Yes,0.0948
Yes,0.09778
Yes,0.10076
Yes,0.10374
Yes,0.10672
Yes,0.1097
Yes,0.11268
Yes,0.11566
Yes,0.11864
Yes,0.12162
Yes,0.1246
Yes,0.12758
Yes,0.13056
Yes,0.13354
Yes,0.13652
Yes,0.1395
Yes,0.14248
Yes,0.14546
Yes,0.14844
Yes,0.15142
Yes,0.1544
Yes,0.15738
Yes,0.16036
Yes,0.16334
Yes,0.16632
Yes,0.1693
Yes,0.17228
Yes,0.17526
Yes,0.17824
Yes,0.18122
Yes,0.1842
Yes,0.18718
Yes,0.19016
Yes,0.19314
Yes,0.19612
Yes,0.1991
Yes,0.20208
Yes,0.20506
Yes,0.20804
Yes,0.21102
Yes,0.214
Yes,0.21698
Yes,0.21996
Yes,0.22294
Yes,0.22592
Yes,0.2289
Yes,0.23188
Yes,0.23486
Yes,0.23784
Yes,0.24082
Yes,0.2438
Yes,0.24678
Yes,0.24976
Yes,0.25274
Yes,0.25572
Yes,0.2587
Yes,0.26168
Yes,0.26466
Yes,0.26764
Yes,0.27062
Yes,0.2736
Yes,0.27658
Yes,0.27956
Yes,0.28254
Yes,0.28552
Yes,0.2885
Yes,0.29148
Yes,0.29446
Yes,0.29744
Yes,0.30042
Yes,0.3034
Yes,0.30638
Yes,0.30936
Yes,0.31234
Yes,0.31532
Yes,0.3183
Yes,0.32128
Yes,0.32426
Yes,0.32724
Yes,0.33022
Yes,0.3332
Yes,0.33618
Yes,0.33916
Yes,0.34214
Yes,0.34512
Yes,0.3481
Yes,0.35108
Yes,0.35406
Yes,0.35704
Yes,0.36002
Yes,0.363
Yes,0.36598
Yes,0.36896
Yes,0.37194
Yes,0.37492
Yes,0.3779
Yes,0.38088
Yes,0.38386
Yes,0.38684
Yes,0.38982
Yes,0.3928
Yes,0.39578
Yes,0.39876
Yes,0.40174
Yes,0.40472
Yes,0.4077
Yes,0.41068
Yes,0.41366
Yes,0.41664
Yes,0.41962
Yes,0.4226
Yes,0.42558
Yes,0.42856
Yes,0.43154
Yes,0.43452
Yes,0.4375
Yes,0.44048
Yes,0.44346
Yes,0.44644
Yes,0.44942
Yes,0.4524
Yes,0.45538
Yes,0.45836
Yes,0.46134
Yes,0.46432
Yes,0.4673
Yes,0.47028
Yes,0.47326
Yes,0.47624
Yes,0.47922
Yes,0.4822
Yes,0.48518
Yes,0.48816
Yes,0.49114
Yes,0.49412
Yes,0.4971
Yes,0.50008
Yes,0.50306
Yes,0.50604
Yes,0.50902
Yes,0.512
Yes,0.51498
Yes,0.51796
Yes,0.52094
Yes,0.52392
Yes,0.5269
Yes,0.52988
Yes,0.53286
Yes,0.53584
Yes,0.53882
Yes,0.5418
Yes,0.54478
Yes,0.54776
Yes,0.55074
Yes,0.55372
Yes,0.5567
Yes,0.55968
Yes,0.56266
Yes,0.56564
Yes,0.56862
Yes,0.5716
Yes,0.57458
Yes,0.57756
Yes,0.58054
Yes,0.58352
Yes,0.5865
Yes,0.58948
Yes,0.59246
Yes,0.59544
Yes,0.59842
Yes,0.6014
Yes,0.60438
Yes,0.60736
Yes,0.61034
Yes,0.61332
Yes,0.6163
Yes,0.61928
Yes,0.62226
Yes,0.62524
Yes,0.62822
Yes,0.6312
Yes,0.63418
Yes,0.63716
Yes,0.64014
Yes,0.64312
Yes,0.6461
Yes,0.64908
Yes,0.65206
Yes,0.65504
Yes,0.65802
Yes,0.661
Yes,0.66398
Yes,0.66696
Yes,0.66994
Yes,0.67292
Yes,0.6759
Yes,0.67888
Yes,0.68186
Yes,0.68484
Yes,0.68782
Yes,0.6908
Yes,0.69378
Yes,0.69676
Yes,0.69974
Yes,0.70272
Yes,0.7057
Yes,0.70868
Yes,0.71166
Yes,0.71464
Yes,0.71762
Yes,0.7206
Yes,0.72358
Yes,0.72656
Yes,0.72954
Yes,0.73252
Yes,0.7355
Yes,0.73848
Yes,0.74146
Yes,0.74444
Yes,0.74742
Yes,0.7504
Yes,0.75338
Yes,0.75636
Yes,0.75934
Yes,0.76232
Yes,0.7653
Yes,0.76828
Yes,0.77126
Yes,0.77424
Yes,0.77722
Yes,0.7802
Yes,0.78318
Yes,0.78616
Yes,0.78914
Yes,0.79212
Yes,0.7951
Yes,0.79808
Yes,0.80106
Yes,0.80404
Yes,0.80702
Yes,0.81
Yes,0.81298
Yes,0.81596
Yes,0.81894
Yes,0.82192
Yes,0.8249
Yes,0.82788
Yes,0.83086
Yes,0.83384
Yes,0.83682
Yes,0.8398
Yes,0.84278
Yes,0.84576
Yes,0.84874
Yes,0.85172
Yes,0.8547
Yes,0.85768
Yes,0.86066
Yes,0.86364
Yes,0.86662
Yes,0.8696
Yes,0.87258
Yes,0.87556
Yes,0.87854
Yes,0.88152
Yes,0.8845
Yes,0.88748
Yes,0.89046
Yes,0.89344
Yes,0.89642
Yes,0.8994
Yes,0.90238
Yes,0.90536
Yes,0.90834
Yes,0.91132
Yes,0.9143
Yes,0.91728
Yes,0.92026
Yes,0.92324
Yes,0.92622
Yes,0.9292
Yes,0.93218
Yes,0.93516
Yes,0.93814
Yes,0.94112
Yes,0.9441
Yes,0.94708
Yes,0.95006
Yes,0.95304
Yes,0.95602
Yes,0.959
Yes,0.96198
Yes,0.96496
Yes,0.96794
Yes,0.97092
Yes,0.9739
Yes,0.97688
Yes,0.97986
Yes,0.98284
Yes,0.98582
Yes,0.9888
Yes,0.99178
Yes,0.99476
Yes,0.99774
Yes,1.00072
Yes,1.0037
Yes,1.00668
Yes,1.00966
Yes,1.01264
Yes,1.01562
Yes,1.0186
Yes,1.02158
Yes,1.02456
Yes,1.02754
Yes,1.03052
Yes,1.0335
Yes,1.03648
Yes,1.03946
Yes,1.04244
Yes,1.04542
Yes,1.0484
Yes,1.05138
Yes,1.05436
Yes,1.05734
Yes,1.06032
Yes,1.0633
Yes,1.06628
Yes,1.06926
Yes,1.07224
Yes,1.07522
Yes,1.0782
Yes,1.08118
Yes,1.08416
Yes,1.08714
Yes,1.09012
Yes,1.0931
Yes,1.09608
Yes,1.09906
Yes,1.10204
Yes,1.10502
Yes,1.108
Yes,1.11098
Yes,1.11396
Yes,1.11694
Yes,1.11992
Yes,1.1229
Yes,1.12588
Yes,1.12886
Yes,1.13184
Yes,1.13482
Yes,1.1378
Yes,1.14078
Yes,1.14376
Yes,1.14674
Yes,1.14972
Yes,1.1527
Yes,1.15568
Yes,1.15866
Yes,1.16164
Yes,1.16462
Yes,1.1676
Yes,1.17058
Yes,1.17356
Yes,1.17654
Yes,1.17952
Yes,1.1825
Yes,1.18548
Yes,1.18846
Yes,1.19144
Yes,1.19442
Yes,1.1974
Yes,1.20038
Yes,1.20336
Yes,1.20634
Yes,1.20932
Yes,1.2123
Yes,1.21528
Yes,1.21826
Yes,1.22124
Yes,1.22422
Yes,1.2272
Yes,1.23018
Yes,1.23316
Yes,1.23614
Yes,1.23912
Yes,1.2421
Yes,1.24508
Yes,1.24806
Yes,1.25104
Yes,1.25402
Yes,1.257
Yes,1.25998
Yes,1.26296
Yes,1.26594
Yes,1.26892
Yes,1.2719
Yes,1.27488
Yes,1.27786
Yes,1.28084
Yes,1.28382
Yes,1.2868
Yes,1.28978
Yes,1.29276
Yes,1.29574
Yes,1.29872
Yes,1.3017
Yes,1.30468
Yes,1.30766
Yes,1.31064
Yes,1.31362
Yes,1.3166
Yes,1.31958
Yes,1.32256
Yes,1.32554
Yes,1.32852
Yes,1.3315
Yes,1.33448
Yes,1.33746
Yes,1.34044
Yes,1.34342
Yes,1.3464
Yes,1.34938
Yes,1.35236
Yes,1.35534
Yes,1.35832
Yes,1.3613
Yes,1.36428
Yes,1.36726
Yes,1.37024
Yes,1.37322
Yes,1.3762
Yes,1.37918
Yes,1.38216
Yes,1.38514
Yes,1.38812
Yes,1.3911
Yes,1.39408
Yes,1.39706
Yes,1.40004
Yes,1.40302
Yes,1.406
Yes,1.40898
Yes,1.41196
Yes,1.41494
Yes,1.41792
Yes,1.4209
Yes,1.42388
Yes,1.42686
Yes,1.42984
Yes,1.43282
Yes,1.4358
Yes,1.43878
Yes,1.44176
Yes,1.44474
Yes,1.44772
Yes,1.4507
Yes,1.45368
Yes,1.45666
Yes,1.45964
Yes,1.46262
Yes,1.4656
Yes,1.46858
Yes,1.47156
Yes,1.47454
Yes,1.47752
Yes,1.4805
Yes,1.48348
Yes,1.48646
Yes,1.48944
Yes,1.49242
Yes,1.4954
Yes,1.49838
Yes,1.50136
Yes,1.50434
Yes,1.50732
Yes,1.5103
Yes,1.51328
Yes,1.51626
Yes,1.51924
Yes,1.52222
Yes,1.5252
Yes,1.52818
Yes,1.53116
Yes,1.53414
Yes,1.53712
Yes,1.5401
Yes,1.54308
Yes,1.54606
Yes,1.54904
Yes,1.55202
Yes,1.555
Yes,1.55798
Yes,1.56096
Yes,1.56394
Yes,1.56692
Yes,1.5699
Yes,1.57288
Yes,1.57586
Yes,1.57884
Yes,1.58182
Yes,1.5848
Yes,1.58778
Yes,1.59076
Yes,1.59374
Yes,1.59672
Yes,1.5997
Yes,1.60268
Yes,1.60566
Yes,1.60864
Yes,1.61162
Yes,1.6146
Yes,1.61758
Yes,1.62056
Yes,1.62354
Yes,1.62652
Yes,1.6295
Yes,1.63248
Yes,1.63546
Yes,1.63844
Yes,1.64142
Yes,1.6444
Yes,1.64738
Yes,1.65036
Yes,1.65334
Yes,1.65632
Yes,1.6593
Yes,1.66228
Yes,1.66526
Yes,1.66824
Yes,1.67122
Yes,1.6742
Yes,1.67718
Yes,1.68016
Yes,1.68314
Yes,1.68612
Yes,1.6891
Yes,1.69208
Yes,1.69506
Yes,1.69804
Yes,1.70102
Yes,1.704
Yes,1.70698
Yes,1.70996
Yes,1.71294
Yes,1.71592
Yes,1.7189
Yes,1.72188
Yes,1.72486
Yes,1.72784
Yes,1.73082
Yes,1.7338
Yes,1.73678
Yes,1.73976
Yes,1.74274
Yes,1.74572
Yes,1.7487
Yes,1.75168
Yes,1.75466
Yes,1.75764
Yes,1.76062
Yes,1.7636
Yes,1.76658
Yes,1.76956
Yes,1.77254
Yes,1.77552
Yes,1.7785
Yes,1.78148
Yes,1.78446
Yes,1.78744
Yes,1.79042
Yes,1.7934
Yes,1.79638
Yes,1.79936
Yes,1.80234
Yes,1.80532
Yes,1.8083
Yes,1.81128
Yes,1.81426
Yes,1.81724
Yes,1.82022
Yes,1.8232
Yes,1.82618
Yes,1.82916
Yes,1.83214
Yes,1.83512
Yes,1.8381
Yes,1.84108
Yes,1.84406
Yes,1.84704
Yes,1.85002
Yes,1.853
Yes,1.85598
Yes,1.85896
Yes,1.86194
Yes,1.86492
Yes,1.8679
Yes,1.87088
Yes,1.87386
Yes,1.87684
Yes,1.87982
Yes,1.8828
Yes,1.88578
Yes,1.88876
Yes,1.89174
Yes,1.89472
Yes,1.8977
Yes,1.90068
Yes,1.90366
Yes,1.90664
Yes,1.90962
Yes,1.9126
Yes,1.91558
Yes,1.91856
Yes,1.92154
Yes,1.92452
Yes,1.9275
Yes,1.93048
Yes,1.93346
Yes,1.93644
Yes,1.93942
Yes,1.9424
Yes,1.94538
Yes,1.94836
Yes,1.95134
Yes,1.95432
Yes,1.9573
Yes,1.96028
Yes,1.96326
Yes,1.96624
Yes,1.96922
Yes,1.9722
Yes,1.97518
Yes,1.97816
Yes,1.98114
Yes,1.98412
Yes,1.9871
Yes,1.99008
Yes,1.99306
Yes,1.99604
Yes,1.99902
Yes,2.002
Yes,2.00498
Yes,2.00796
Yes,2.01094
Yes,2.01392
Yes,2.0169
Yes,2.01988
Yes,2.02286
Yes,2.02584
Yes,2.02882
Yes,2.0318
Yes,2.03478
Yes,2.03776
Yes,2.04074
Yes,2.04372
Yes,2.0467
Yes,2.04968
Yes,2.05266
Yes,2.05564
Yes,2.05862
Yes,2.0616
Yes,2.06458
Yes,2.06756
Yes,2.07054
Yes,2.07352
Yes,2.0765
Yes,2.07948
Yes,2.08246
Yes,2.08544
Yes,2.08842
Yes,2.0914
Yes,2.09438
Yes,2.09736
Yes,2.10034
Yes,2.10332
Yes,2.1063
Yes,2.10928
Yes,2.11226
Yes,2.11524
Yes,2.11822
Yes,2.1212
Yes,2.12418
Yes,2.12716
Yes,2.13014
Yes,2.13312
Yes,2.1361
Yes,2.13908
Yes,2.14206
Yes,2.14504
Yes,2.14802
Yes,2.151
Yes,2.15398
Yes,2.15696
Yes,2.15994
Yes,2.16292
Yes,2.1659
Yes,2.16888
Yes,2.17186
Yes,2.17484
Yes,2.17782
Yes,2.1808
Yes,2.18378
Yes,2.18676
Yes,2.18974
Yes,2.19272
Yes,2.1957
Yes,2.19868
Yes,2.20166
Yes,2.20464
Yes,2.20762
Yes,2.2106
Yes,2.21358
Yes,2.21656
Yes,2.21954
Yes,2.22252
Yes,2.2255
Yes,2.22848
Yes,2.23146
Yes,2.23444
Yes,2.23742
Yes,2.2404
Yes,2.24338
Yes,2.24636
Yes,2.24934
Yes,2.25232
Yes,2.2553
Yes,2.25828
Yes,2.26126
Yes,2.26424
Yes,2.26722
Yes,2.2702
Yes,2.27318
Yes,2.27616
Yes,2.27914
Yes,2.28212
Yes,2.2851
Yes,2.28808
Yes,2.29106
Yes,2.29404
Yes,2.29702
Yes,2.3
Yes,2.30298
Yes,2.30596
Yes,2.30894
Yes,2.31192
Yes,2.3149
Yes,2.31788
Yes,2.32086
Yes,2.32384
Yes,2.32682
Yes,2.3298
Yes,2.33278
Yes,2.33576
Yes,2.33874
Yes,2.34172
Yes,2.3447
Yes,2.34768
Yes,2.35066
Yes,2.35364
Yes,2.35662
Yes,2.3596
Yes,2.36258
Yes,2.36556
Yes,2.36854
Yes,2.37152
Yes,2.3745
Yes,2.37748
Yes,2.38046
Yes,2.38344
Yes,2.38642
Yes,2.3894
Yes,2.39238
Yes,2.39536
Yes,2.39834
Yes,2.40132
Yes,2.4043
Yes,2.40728
Yes,2.41026
Yes,2.41324
Yes,2.41622
Yes,2.4192
Yes,2.42218
Yes,2.42516
Yes,2.42814
Yes,2.43112
Yes,2.4341
Yes,2.43708
Yes,2.44006
Yes,2.44304
Yes,2.44602
Yes,2.449
Yes,2.45198
Yes,2.45496
Yes,2.45794
Yes,2.46092
Yes,2.4639
Yes,2.46688
Yes,2.46986
Yes,2.47284
Yes,2.47582
Yes,2.4788
Yes,2.48178
Yes,2.48476
Yes,2.48774
Yes,2.49072
Yes,2.4937
Yes,2.49668
Yes,2.49966
Yes,2.50264
Yes,2.50562
Yes,2.5086
Yes,2.51158
Yes,2.51456
Yes,2.51754
Yes,2.52052
Yes,2.5235
Yes,2.52648
Yes,2.52946
Yes,2.53244
Yes,2.53542
Yes,2.5384
Yes,2.54138
Yes,2.54436
Yes,2.54734
Yes,2.55032
Yes,2.5533
Yes,2.55628
Yes,2.55926
Yes,2.56224
Yes,2.56522
Yes,2.5682
Yes,2.57118
Yes,2.57416
Yes,2.57714
Yes,2.58012
Yes,2.5831
Yes,2.58608
Yes,2.58906
Yes,2.59204
Yes,2.59502
Yes,2.598
Yes,2.60098
Yes,2.60396
Yes,2.60694
Yes,2.60992
Yes,2.6129
Yes,2.61588
Yes,2.61886
Yes,2.62184
Yes,2.62482
Yes,2.6278
Yes,2.63078
Yes,2.63376
Yes,2.63674
Yes,2.63972
Yes,2.6427
Yes,2.64568
Yes,2.64866
Yes,2.65164
Yes,2.65462
Yes,2.6576
Yes,2.66058
Yes,2.66356
Yes,2.66654
Yes,2.66952
Yes,2.6725
Yes,2.67548
Yes,2.67846
Yes,2.68144
Yes,2.68442
Yes,2.6874
Yes,2.69038
Yes,2.69336
Yes,2.69634
Yes,2.69932
Yes,2.7023
Yes,2.70528
Yes,2.70826
Yes,2.71124
Yes,2.71422
Yes,2.7172
Yes,2.72018
Yes,2.72316
Yes,2.72614
Yes,2.72912
Yes,2.7321
Yes,2.73508
Yes,2.73806
Yes,2.74104
Yes,2.74402
Yes,2.747
Yes,2.74998
Yes,2.75296
Yes,2.75594
Yes,2.75892
Yes,2.7619
Yes,2.76488
Yes,2.76786
Yes,2.77084
Yes,2.77382
Yes,2.7768
Yes,2.77978
Yes,2.78276
Yes,2.78574
Yes,2.78872
Yes,2.7917
Yes,2.79468
Yes,2.79766
Yes,2.80064
Yes,2.80362
Yes,2.8066
Yes,2.80958
Yes,2.81256
Yes,2.81554
Yes,2.81852
Yes,2.8215
Yes,2.82448
Yes,2.82746
Yes,2.83044
Yes,2.83342
Yes,2.8364
Yes,2.83938
Yes,2.84236
Yes,2.84534
Yes,2.84832
Yes,2.8513
Yes,2.85428
Yes,2.85726
Yes,2.86024
Yes,2.86322
Yes,2.8662
Yes,2.86918
Yes,2.87216
Yes,2.87514
Yes,2.87812
Yes,2.8811
Yes,2.88408
Yes,2.88706
Yes,2.89004
Yes,2.89302
Yes,2.896
Yes,2.89898
Yes,2.90196
Yes,2.90494
Yes,2.90792
Yes,2.9109
Yes,2.91388
Yes,2.91686
Yes,2.91984
Yes,2.92282
Yes,2.9258
Yes,2.92878
Yes,2.93176
Yes,2.93474
Yes,2.93772
Yes,2.9407
Yes,2.94368
Yes,2.94666
Yes,2.94964
Yes,2.95262
Yes,2.9556
Yes,2.95858
Yes,2.96156
Yes,2.96454
Yes,2.96752
Yes,2.9705
Yes,2.97348
Yes,2.97646
Yes,2.97944
Yes,2.98242
Yes,2.9854
Yes,2.98838
Yes,2.99136
Yes,2.99434
Yes,2.99732
Yes,3.0003
Yes,3.00328
Yes,3.00626
Yes,3.00924
Yes,3.01222
Yes,3.0152
Yes,3.01818
Yes,3.02116
Yes,3.02414
Yes,3.02712
Yes,3.0301
Yes,3.03308
Yes,3.03606
Yes,3.03904
Yes,3.04202
Yes,3.045
Yes,3.04798
Yes,3.05096
Yes,3.05394
Yes,3.05692
Yes,3.0599
Yes,3.06288
Yes,3.06586
Yes,3.06884
Yes,3.07182
Yes,3.0748
Yes,3.07778
Yes,3.08076
Yes,3.08374
Yes,3.08672
Yes,3.0897
Yes,3.09268
Yes,3.09566
Yes,3.09864
Yes,3.10162
Yes,3.1046
Yes,3.10758
Yes,3.11056
Yes,3.11354
Yes,3.11652
Yes,3.1195
Yes,3.12248
Yes,3.12546
Yes,3.12844
Yes,3.13142
Yes,3.1344
Yes,3.13738
Yes,3.14036
Yes,3.14334
Yes,3.14632
Yes,3.1493
Yes,3.15228
Yes,3.15526
Yes,3.15824
Yes,3.16122
Yes,3.1642
Yes,3.16718
Yes,3.17016
Yes,3.17314
Yes,3.17612
Yes,3.1791
Yes,3.18208
Yes,3.18506
Yes,3.18804
Yes,3.19102
Yes,3.194
Yes,3.19698
Yes,3.19996
Yes,3.20294
Yes,3.20592
Yes,3.2089
Yes,3.21188
Yes,3.21486
Yes,3.21784
Yes,3.22082
Yes,3.2238
Yes,3.22678
Yes,3.22976
Yes,3.23274
Yes,3.23572
Yes,3.2387
Yes,3.24168
Yes,3.24466
Yes,3.24764
Yes,3.25062
Yes,3.2536
Yes,3.25658
Yes,3.25956
Yes,3.26254
Yes,3.26552
Yes,3.2685
Yes,3.27148
Yes,3.27446
Yes,3.27744
Yes,3.28042
Yes,3.2834
Yes,3.28638
Yes,3.28936
Yes,3.29234
Yes,3.29532
Yes,3.2983
Yes,3.30128
Yes,3.30426
Yes,3.30724
Yes,3.31022
Yes,3.3132
Yes,3.31618
Yes,3.31916
Yes,3.32214
Yes,3.32512
Yes,3.3281
Yes,3.33108
Yes,3.33406
Yes,3.33704
Yes,3.34002
Yes,3.343
Yes,3.34598
Yes,3.34896
Yes,3.35194
Yes,3.35492
Yes,3.3579
Yes,3.36088
Yes,3.36386
Yes,3.36684
Yes,3.36982
Yes,3.3728
Yes,3.37578
Yes,3.37876
Yes,3.38174
Yes,3.38472
Yes,3.3877
Yes,3.39068
Yes,3.39366
Yes,3.39664
Yes,3.39962
Yes,3.4026
Yes,3.40558
Yes,3.40856
Yes,3.41154
Yes,3.41452
Yes,3.4175
Yes,3.42048
Yes,3.42346
Yes,3.42644
Yes,3.42942
Yes,3.4324
Yes,3.43538
Yes,3.43836
Yes,3.44134
Yes,3.44432
Yes,3.4473
Yes,3.45028
Yes,3.45326
Yes,3.45624
Yes,3.45922
Yes,3.4622
Yes,3.46518
Yes,3.46816
Yes,3.47114
Yes,3.47412
Yes,3.4771
Yes,3.48008
Yes,3.48306
Yes,3.48604
Yes,3.48902
Yes,3.492
Yes,3.49498
Yes,3.49796
Yes,3.50094
Yes,3.50392
Yes,3.5069
Yes,3.50988
Yes,3.51286
Yes,3.51584
Yes,3.51882
Yes,3.5218
Yes,3.52478
Yes,3.52776
Yes,3.53074
Yes,3.53372
Yes,3.5367
Yes,3.53968
Yes,3.54266
Yes,3.54564
Yes,3.54862
Yes,3.5516
Yes,3.55458
Yes,3.55756
Yes,3.56054
Yes,3.56352
Yes,3.5665
Yes,3.56948
Yes,3.57246
Yes,3.57544
Yes,3.57842
Yes,3.5814
Yes,3.58438
Yes,3.58736
Yes,3.59034
Yes,3.59332
Yes,3.5963
Yes,3.59928
Yes,3.60226
Yes,3.60524
Yes,3.60822
Yes,3.6112
Yes,3.61418
Yes,3.61716
Yes,3.62014
Yes,3.62312
Yes,3.6261
Yes,3.62908
Yes,3.63206
Yes,3.63504
Yes,3.63802
Yes,3.641
Yes,3.64398
Yes,3.64696
Yes,3.64994
Yes,3.65292
Yes,3.6559
Yes,3.65888
Yes,3.66186
Yes,3.66484
Yes,3.66782
Yes,3.6708
Yes,3.67378
Yes,3.67676
Yes,3.67974
Yes,3.68272
Yes,3.6857
Yes,3.68868
Yes,3.69166
Yes,3.69464
Yes,3.69762
Yes,3.7006
Yes,3.70358
Yes,3.70656
Yes,3.70954
Yes,3.71252
Yes,3.7155
Yes,3.71848
Yes,3.72146
Yes,3.72444
Yes,3.72742
Yes,3.7304
Yes,3.73338
Yes,3.73636
Yes,3.73934
Yes,3.74232
Yes,3.7453
Yes,3.74828
Yes,3.75126
Yes,3.75424
Yes,3.75722
Yes,3.7602
Yes,3.76318
Yes,3.76616
Yes,3.76914
Yes,3.77212
Yes,3.7751
Yes,3.77808
Yes,3.78106
Yes,3.78404
Yes,3.78702
Yes,3.79
Yes,3.79298
Yes,3.79596
Yes,3.79894
Yes,3.80192
Yes,3.8049
Yes,3.80788
Yes,3.81086
Yes,3.81384
Yes,3.81682
Yes,3.8198
Yes,3.82278
Yes,3.82576
Yes,3.82874
Yes,3.83172
Yes,3.8347
Yes,3.83768
Yes,3.84066
Yes,3.84364
Yes,3.84662
Yes,3.8496
Yes,3.85258
Yes,3.85556
Yes,3.85854
Yes,3.86152
Yes,3.8645
Yes,3.86748
Yes,3.87046
Yes,3.87344
Yes,3.87642
Yes,3.8794
Yes,3.88238
Yes,3.88536
Yes,3.88834
Yes,3.89132
Yes,3.8943
Yes,3.89728
Yes,3.90026
Yes,3.90324
Yes,3.90622
Yes,3.9092
Yes,3.91218
Yes,3.91516
Yes,3.91814
Yes,3.92112
Yes,3.9241
Yes,3.92708
Yes,3.93006
Yes,3.93304
Yes,3.93602
Yes,3.939
Yes,3.94198
Yes,3.94496
Yes,3.94794
Yes,3.95092
Yes,3.9539
Yes,3.95688
Yes,3.95986
Yes,3.96284
Yes,3.96582
Yes,3.9688
Yes,3.97178
Yes,3.97476
Yes,3.97774
Yes,3.98072
Yes,3.9837
Yes,3.98668
Yes,3.98966
Yes,3.99264
Yes,3.99562
Yes,3.9986
Yes,4.00158
Yes,4.00456
Yes,4.00754
Yes,4.01052
Yes,4.0135
Yes,4.01648
Yes,4.01946
Yes,4.02244
Yes,4.02542
Yes,4.0284
Yes,4.03138
Yes,4.03436
Yes,4.03734
Yes,4.04032
Yes,4.0433
Yes,4.04628
Yes,4.04926
Yes,4.05224
Yes,4.05522
Yes,4.0582
Yes,4.06118
Yes,4.06416
Yes,4.06714
Yes,4.07012
Yes,4.0731
Yes,4.07608
Yes,4.07906
Yes,4.08204
Yes,4.08502
Yes,4.088
Yes,4.09098
Yes,4.09396
Yes,4.09694
Yes,4.09992
Yes,4.1029
Yes,4.10588
Yes,4.10886
Yes,4.11184
Yes,4.11482
Yes,4.1178
Yes,4.12078
Yes,4.12376
Yes,4.12674
Yes,4.12972
Yes,4.1327
Yes,4.13568
Yes,4.13866
Yes,4.14164
Yes,4.14462
Yes,4.1476
Yes,4.15058
Yes,4.15356
Yes,4.15654
Yes,4.15952
Yes,4.1625
Yes,4.16548
Yes,4.16846
Yes,4.17144
Yes,4.17442
Yes,4.1774
Yes,4.18038
Yes,4.18336
Yes,4.18634
Yes,4.18932
Yes,4.1923
Yes,4.19528
Yes,4.19826
Yes,4.20124
Yes,4.20422
Yes,4.2072
Yes,4.21018
Yes,4.21316
Yes,4.21614
Yes,4.21912
Yes,4.2221
Yes,4.22508
Yes,4.22806
Yes,4.23104
Yes,4.23402
Yes,4.237
Yes,4.23998
Yes,4.24296
Yes,4.24594
Yes,4.24892
Yes,4.2519
Yes,4.25488
Yes,4.25786
Yes,4.26084
Yes,4.26382
Yes,4.2668
Yes,4.26978
Yes,4.27276
Yes,4.27574
Yes,4.27872
Yes,4.2817
Yes,4.28468
Yes,4.28766
Yes,4.29064
Yes,4.29362
Yes,4.2966
Yes,4.29958
Yes,4.30256
Yes,4.30554
Yes,4.30852
Yes,4.3115
Yes,4.31448
Yes,4.31746
Yes,4.32044
Yes,4.32342
Yes,4.3264
Yes,4.32938
Yes,4.33236
Yes,4.33534
Yes,4.33832
Yes,4.3413
Yes,4.34428
Yes,4.34726
Yes,4.35024
Yes,4.35322
Yes,4.3562
Yes,4.35918
Yes,4.36216
Yes,4.36514
Yes,4.36812
Yes,4.3711
Yes,4.37408
Yes,4.37706
Yes,4.38004
Yes,4.38302
Yes,4.386
Yes,4.38898
Yes,4.39196
Yes,4.39494
Yes,4.39792
Yes,4.4009
Yes,4.40388
Yes,4.40686
Yes,4.40984
Yes,4.41282
Yes,4.4158
Yes,4.41878
Yes,4.42176
Yes,4.42474
Yes,4.42772
Yes,4.4307
Yes,4.43368
Yes,4.43666
Yes,4.43964
Yes,4.44262
Yes,4.4456
Yes,4.44858
Yes,4.45156
Yes,4.45454
Yes,4.45752
Yes,4.4605
Yes,4.46348
Yes,4.46646
Yes,4.46944
Yes,4.47242
Yes,4.4754
Yes,4.47838
Yes,4.48136
Yes,4.48434
Yes,4.48732
Yes,4.4903
Yes,4.49328
Yes,4.49626
Yes,4.49924
Yes,4.50222
Yes,4.5052
Yes,4.50818
Yes,4.51116
Yes,4.51414
Yes,4.51712
Yes,4.5201
Yes,4.52308
Yes,4.52606
Yes,4.52904
Yes,4.53202
Yes,4.535
Yes,4.53798
Yes,4.54096
Yes,4.54394
Yes,4.54692
Yes,4.5499
Yes,4.55288
Yes,4.55586
Yes,4.55884
Yes,4.56182
Yes,4.5648
Yes,4.56778
Yes,4.57076
Yes,4.57374
Yes,4.57672
Yes,4.5797
Yes,4.58268
Yes,4.58566
Yes,4.58864
Yes,4.59162
Yes,4.5946
Yes,4.59758
Yes,4.60056
Yes,4.60354
Yes,4.60652
Yes,4.6095
Yes,4.61248
Yes,4.61546
Yes,4.61844
Yes,4.62142
Yes,4.6244
Yes,4.62738
Yes,4.63036
Yes,4.63334
Yes,4.63632
Yes,4.6393
Yes,4.64228
Yes,4.64526
Yes,4.64824
Yes,4.65122
Yes,4.6542
Yes,4.65718
Yes,4.66016
Yes,4.66314
Yes,4.66612
Yes,4.6691
Yes,4.67208
Yes,4.67506
Yes,4.67804
Yes,4.68102
Yes,4.684
Yes,4.68698
Yes,4.68996
Yes,4.69294
Yes,4.69592
Yes,4.6989
Yes,4.70188
Yes,4.70486
Yes,4.70784
Yes,4.71082
Yes,4.7138
Yes,4.71678
Yes,4.71976
Yes,4.72274
Yes,4.72572
Yes,4.7287
Yes,4.73168
Yes,4.73466
Yes,4.73764
Yes,4.74062
Yes,4.7436
Yes,4.74658
Yes,4.74956
Yes,4.75254
Yes,4.75552
Yes,4.7585
Yes,4.76148
Yes,4.76446
Yes,4.76744
Yes,4.77042
Yes,4.7734
Yes,4.77638
Yes,4.77936
Yes,4.78234
Yes,4.78532
Yes,4.7883
Yes,4.79128
Yes,4.79426
Yes,4.79724
Yes,4.80022
Yes,4.8032
Yes,4.80618
Yes,4.80916
Yes,4.81214
Yes,4.81512
Yes,4.8181
Yes,4.82108
Yes,4.82406
Yes,4.82704
Yes,4.83002
Yes,4.833
Yes,4.83598
Yes,4.83896
Yes,4.84194
Yes,4.84492
Yes,4.8479
Yes,4.85088
Yes,4.85386
Yes,4.85684
Yes,4.85982
Yes,4.8628
Yes,4.86578
Yes,4.86876
Yes,4.87174
Yes,4.87472
Yes,4.8777
Yes,4.88068
Yes,4.88366
Yes,4.88664
Yes,4.88962
Yes,4.8926
Yes,4.89558
Yes,4.89856
Yes,4.90154
Yes,4.90452
Yes,4.9075
Yes,4.91048
Yes,4.91346
Yes,4.91644
Yes,4.91942
Yes,4.9224
Yes,4.92538
Yes,4.92836
Yes,4.93134
Yes,4.93432
Yes,4.9373
Yes,4.94028
Yes,4.94326
Yes,4.94624
Yes,4.94922
Yes,4.9522
Yes,4.95518
Yes,4.95816
Yes,4.96114
Yes,4.96412
Yes,4.9671
Yes,4.97008
Yes,4.97306
Yes,4.97604
Yes,4.97902
Yes,4.982
Yes,4.98498
Yes,4.98796
Yes,4.99094
Yes,4.99392
Yes,4.9969
Yes,4.99988
Yes,5.00286
